{
  "project_info": {
    "project_number": "1058928403738",
    "project_id": "comude-app-2023",
    "storage_bucket": "comude-app-2023.appspot.com"
  },
  "client": [
    {
      "client_info": {
        "mobilesdk_app_id": "1:1058928403738:android:91a8cfdf8bd142d99238a3",
        "android_client_info": {
          "package_name": "com.example.comude"
        }
      },
      "oauth_client": [
        {
          "client_id": "1058928403738-n2e2k9higu34g43644khnitc3d6bbce6.apps.googleusercontent.com",
          "client_type": 3
        }
      ],
      "api_key": [
        {
          "current_key": "AIzaSyCxCU3SMEPP4QMqd4zJZ1QuDJ6cJ_V2CLg"
        }
      ],
      "services": {
        "appinvite_service": {
          "other_platform_oauth_client": [
            {
              "client_id": "1058928403738-n2e2k9higu34g43644khnitc3d6bbce6.apps.googleusercontent.com",
              "client_type": 3
            }
          ]
        }
      }
    }
  ],
  "configuration_version": "1"
}